{
  "openai_chat": {
    "from_provider/simple_text_request": {
      "iterations": 1000,
      "min_us": 231.628,
      "median_us": 241.7995,
      "mean_us": 244.590527,
      "p95_us": 256.169,
      "p99_us": 277.851,
      "max_us": 848.287,
      "stdev_us": 21.758187255005755,
      "payload_bytes": 85,
      "direction": "from_provider"
    },
    "from_provider/multi_turn_request": {
      "iterations": 1000,
      "min_us": 532.068,
      "median_us": 565.767,
      "mean_us": 619.528908,
      "p95_us": 1018.437,
      "p99_us": 1058.537,
      "max_us": 1159.441,
      "stdev_us": 131.0000081800177,
      "payload_bytes": 405,
      "direction": "from_provider"
    },
    "from_provider/tool_calls_request": {
      "iterations": 1000,
      "min_us": 207.014,
      "median_us": 213.3565,
      "mean_us": 215.371899,
      "p95_us": 226.119,
      "p99_us": 260.804,
      "max_us": 320.363,
      "stdev_us": 9.146928696856907,
      "payload_bytes": 680,
      "direction": "from_provider"
    },
    "from_provider/reasoning_request": {
      "iterations": 1000,
      "min_us": 122.807,
      "median_us": 128.8215,
      "mean_us": 129.812935,
      "p95_us": 134.846,
      "p99_us": 158.646,
      "max_us": 228.913,
      "stdev_us": 5.95035109324718,
      "payload_bytes": 133,
      "direction": "from_provider"
    },
    "roundtrip/simple_text_request": {
      "iterations": 1000,
      "min_us": 130.733,
      "median_us": 134.5525,
      "mean_us": 135.406529,
      "p95_us": 140.772,
      "p99_us": 156.935,
      "max_us": 199.497,
      "stdev_us": 4.864577422207982,
      "payload_bytes": 85,
      "direction": "roundtrip"
    },
    "roundtrip/multi_turn_request": {
      "iterations": 1000,
      "min_us": 556.214,
      "median_us": 571.8125,
      "mean_us": 576.206928,
      "p95_us": 603.654,
      "p99_us": 699.386,
      "max_us": 831.514,
      "stdev_us": 22.776140067298087,
      "payload_bytes": 405,
      "direction": "roundtrip"
    },
    "roundtrip/tool_calls_request": {
      "iterations": 1000,
      "min_us": 221.017,
      "median_us": 226.316,
      "mean_us": 228.168383,
      "p95_us": 234.697,
      "p99_us": 282.867,
      "max_us": 355.811,
      "stdev_us": 9.78303387278543,
      "payload_bytes": 680,
      "direction": "roundtrip"
    },
    "from_provider/simple_text_response": {
      "iterations": 1000,
      "min_us": 217.611,
      "median_us": 224.347,
      "mean_us": 227.060463,
      "p95_us": 242.982,
      "p99_us": 288.228,
      "max_us": 348.994,
      "stdev_us": 11.363351211829828,
      "payload_bytes": 379,
      "direction": "from_provider"
    },
    "from_provider/tool_calls_response": {
      "iterations": 1000,
      "min_us": 407.053,
      "median_us": 420.143,
      "mean_us": 423.51542700000005,
      "p95_us": 440.265,
      "p99_us": 528.934,
      "max_us": 692.455,
      "stdev_us": 18.428528722650448,
      "payload_bytes": 577,
      "direction": "from_provider"
    },
    "roundtrip/simple_text_response": {
      "iterations": 1000,
      "min_us": 224.54,
      "median_us": 232.1105,
      "mean_us": 235.60545800000003,
      "p95_us": 251.458,
      "p99_us": 290.611,
      "max_us": 386.021,
      "stdev_us": 12.379695923300758,
      "payload_bytes": 379,
      "direction": "roundtrip"
    },
    "roundtrip/tool_calls_response": {
      "iterations": 1000,
      "min_us": 417.733,
      "median_us": 429.7125,
      "mean_us": 433.982525,
      "p95_us": 458.536,
      "p99_us": 527.772,
      "max_us": 793.207,
      "stdev_us": 20.977429097936046,
      "payload_bytes": 577,
      "direction": "roundtrip"
    }
  },
  "anthropic": {
    "from_provider/simple_text_request": {
      "iterations": 1000,
      "min_us": 153.836,
      "median_us": 159.311,
      "mean_us": 161.01294099999998,
      "p95_us": 169.47,
      "p99_us": 203.781,
      "max_us": 321.576,
      "stdev_us": 8.64738986208821,
      "payload_bytes": 153,
      "direction": "from_provider"
    },
    "from_provider/multi_turn_request": {
      "iterations": 1000,
      "min_us": 587.664,
      "median_us": 604.669,
      "mean_us": 610.225829,
      "p95_us": 643.937,
      "p99_us": 709.919,
      "max_us": 791.507,
      "stdev_us": 20.13984948685347,
      "payload_bytes": 564,
      "direction": "from_provider"
    },
    "from_provider/tool_calls_request": {
      "iterations": 1000,
      "min_us": 203.652,
      "median_us": 210.1825,
      "mean_us": 212.513899,
      "p95_us": 227.338,
      "p99_us": 255.444,
      "max_us": 311.283,
      "stdev_us": 8.938476712994655,
      "payload_bytes": 481,
      "direction": "from_provider"
    },
    "from_provider/reasoning_request": {
      "iterations": 1000,
      "min_us": 168.112,
      "median_us": 173.301,
      "mean_us": 175.433095,
      "p95_us": 186.988,
      "p99_us": 212.794,
      "max_us": 322.3,
      "stdev_us": 9.677080801709668,
      "payload_bytes": 257,
      "direction": "from_provider"
    },
    "roundtrip/simple_text_request": {
      "iterations": 1000,
      "min_us": 159.082,
      "median_us": 164.471,
      "mean_us": 165.896589,
      "p95_us": 171.599,
      "p99_us": 215.403,
      "max_us": 233.707,
      "stdev_us": 7.53470840808547,
      "payload_bytes": 153,
      "direction": "roundtrip"
    },
    "roundtrip/multi_turn_request": {
      "iterations": 1000,
      "min_us": 594.363,
      "median_us": 610.015,
      "mean_us": 616.804666,
      "p95_us": 660.903,
      "p99_us": 708.585,
      "max_us": 775.081,
      "stdev_us": 21.974963744452776,
      "payload_bytes": 564,
      "direction": "roundtrip"
    },
    "roundtrip/tool_calls_request": {
      "iterations": 1000,
      "min_us": 214.225,
      "median_us": 219.985,
      "mean_us": 222.82409099999998,
      "p95_us": 238.593,
      "p99_us": 279.709,
      "max_us": 339.418,
      "stdev_us": 10.371811557278637,
      "payload_bytes": 481,
      "direction": "roundtrip"
    },
    "from_provider/simple_text_response": {
      "iterations": 1000,
      "min_us": 218.554,
      "median_us": 225.3545,
      "mean_us": 227.788109,
      "p95_us": 245.295,
      "p99_us": 274.693,
      "max_us": 292.155,
      "stdev_us": 9.387324674669918,
      "payload_bytes": 290,
      "direction": "from_provider"
    },
    "from_provider/tool_calls_response": {
      "iterations": 1000,
      "min_us": 404.091,
      "median_us": 413.8065,
      "mean_us": 416.30618699999997,
      "p95_us": 428.369,
      "p99_us": 495.303,
      "max_us": 606.329,
      "stdev_us": 14.654051409174656,
      "payload_bytes": 414,
      "direction": "from_provider"
    },
    "roundtrip/simple_text_response": {
      "iterations": 1000,
      "min_us": 222.76,
      "median_us": 230.3325,
      "mean_us": 233.82979999999998,
      "p95_us": 253.1,
      "p99_us": 282.512,
      "max_us": 366.885,
      "stdev_us": 12.169752993710594,
      "payload_bytes": 290,
      "direction": "roundtrip"
    },
    "roundtrip/tool_calls_response": {
      "iterations": 1000,
      "min_us": 407.962,
      "median_us": 420.369,
      "mean_us": 427.071699,
      "p95_us": 464.546,
      "p99_us": 500.135,
      "max_us": 535.619,
      "stdev_us": 18.22932302397188,
      "payload_bytes": 414,
      "direction": "roundtrip"
    }
  },
  "google": {
    "from_provider/simple_text_request": {
      "iterations": 1000,
      "min_us": 128.383,
      "median_us": 133.7235,
      "mean_us": 135.88440100000003,
      "p95_us": 151.139,
      "p99_us": 162.285,
      "max_us": 195.655,
      "stdev_us": 6.780000652436993,
      "payload_bytes": 119,
      "direction": "from_provider"
    },
    "from_provider/multi_turn_request": {
      "iterations": 1000,
      "min_us": 559.595,
      "median_us": 574.851,
      "mean_us": 579.885662,
      "p95_us": 619.054,
      "p99_us": 675.933,
      "max_us": 788.777,
      "stdev_us": 20.510836473303343,
      "payload_bytes": 485,